Area,Perimeter,Ratio_AP,Ratio_Ch,Ratio_LW,Ratio_WL,e,Cv,circul,label
195686.6969,1853.32797,105.5866528,0.973411787,2.089519585,0.478578907,0.906789767,1.181861803,0.568735693,1
221211.4203,1845.663903,119.8546604,0.961997672,1.468116232,0.681144979,0.855901667,1.106990552,0.776335434,1
312151.3152,2244.125317,139.0970963,0.933467649,1.270879985,0.786856361,0.87798468,1.133077429,0.727658621,1
491502.1635,2757.88481,178.2170748,0.956005412,1.170648247,0.854227564,0.858512988,1.109707379,0.719833893,1
564171.1001,3273.791429,172.3295794,0.920929116,2.217534485,0.450951273,0.925806049,1.229534326,0.621688982,1
29774.4452,764.1411509,38.96458811,0.928265922,2.625058511,0.38094389,0.931989297,1.249242691,0.602121654,1
78527.53864,1375.397608,57.09442722,0.832112713,2.598149435,0.384889332,0.959564378,1.384561784,0.545759907,1
135609.9257,1535.954138,88.29034822,0.91106047,1.326278014,0.753989729,0.904234626,1.176596568,0.724225178,1
345012.2716,2528.772287,136.4346934,0.943860536,2.16412475,0.462080571,0.920493293,1.214472038,0.624830186,1
295043.5602,2588.329722,113.9899441,0.882392562,2.481533818,0.402976576,0.953327542,1.344223852,0.554310101,1
298016.4409,2286.226504,130.3529814,0.917519088,1.492490518,0.670021007,0.906566399,1.181392505,0.677464825,1
1725970.581,5801.757378,297.4909961,0.894906847,1.347048776,0.742363616,0.930956915,1.245770196,0.701154331,1
137804.5963,2678.236156,51.45348965,0.519628979,2.842841729,0.351760701,0.992465698,2.03522339,0.380289484,1
74571.38712,1752.752363,42.54530684,0.644520943,2.684136774,0.372559256,0.987719543,1.810629194,0.357802,1
146127.0101,1741.769403,83.8957269,0.852773513,1.904823749,0.524982955,0.941498965,1.28534726,0.614606725,1
837374.6722,4632.710099,180.7526597,0.734301775,1.121162537,0.891931336,0.965075164,1.428138351,0.606077651,1
780061.8012,3827.52093,203.8034058,0.860281629,1.13422881,0.881656321,0.923393171,1.222497941,0.719533925,1
731415.7014,3639.024295,200.9922557,0.913976902,1.710260074,0.584706394,0.914956708,1.200322324,0.610968648,1
1104560.911,4402.680251,250.8837453,0.916268704,1.594443387,0.627178116,0.906725976,1.181727599,0.682372348,1
804244.1243,3925.839424,204.8591492,0.873913993,1.287201013,0.776879438,0.927571783,1.234905292,0.686668132,1
161223.1073,1799.59462,89.58856928,0.842550375,1.690061928,0.591694294,0.936216807,1.264317387,0.617965842,1
219845.4705,2317.17408,94.87654484,0.786784888,1.199286722,0.83382896,0.96086848,1.394103343,0.639252649,1
260990.3883,2824.844728,92.3910563,0.778836426,2.952673192,0.338676154,0.976613827,1.559830444,0.462486629,1
50642.82363,975.7864938,51.8994923,0.851744733,1.176486394,0.84998858,0.923632733,1.22318153,0.739038332,1
13184.77983,441.1016188,29.8905723,0.975292991,1.256617983,0.795786797,0.829404811,1.083670569,0.766873272,1
235620.9096,2437.099514,96.68087341,0.85053589,2.914744839,0.343083205,0.963688167,1.416320095,0.525001198,1
294812.0513,2146.690214,137.3333001,0.968314966,1.613816055,0.619649307,0.863636589,1.115300324,0.718771513,1
50206.53439,873.7107574,57.46356442,0.951465129,1.427351914,0.700598073,0.848749801,1.099974529,0.783662477,1
51781.50692,905.901736,57.1601807,0.950619204,1.613308962,0.619844074,0.870204792,1.123023431,0.720702267,1
350048.6212,2333.497803,150.0102639,0.94346608,1.030877637,0.970047234,0.861201973,1.11259801,0.847472221,1
937090.758,3931.857331,238.3328486,0.908818486,1.024224257,0.976348678,0.886756901,1.14578199,0.789397929,1
653965.446,3167.713616,206.4471494,0.95437999,1.514730278,0.660183542,0.853937523,1.105003309,0.719109637,1
130167.5494,1559.621245,83.4610004,0.923604853,1.464612357,0.682774521,0.922309914,1.219446766,0.659798403,1
30886.89857,716.4746665,43.10954737,0.910317521,1.098987335,0.909928594,0.889459798,1.150028905,0.790047339,1
66080.31616,1012.857176,65.24149479,0.953928509,1.221070311,0.81895366,0.860185787,1.111494252,0.77296531,1
14786.38223,744.3914591,19.86371827,0.779192429,4.82693433,0.207170832,0.984981113,1.726893223,0.381050226,1
64565.50325,1217.564277,53.02841456,0.827283776,1.502248643,0.665668766,0.954583769,1.351719862,0.58897167,1
33491.20096,994.5245918,33.67558855,0.852891104,2.770076523,0.361000857,0.974733702,1.533010869,0.519629715,1
13091.56238,563.3286562,23.2396528,0.853958891,2.307964528,0.433282222,0.960160357,1.388868642,0.481991365,1
19937.32094,645.8817954,30.86837418,0.902522902,1.911146822,0.523246037,0.942666584,1.29037135,0.590827782,1
26554.2408,704.7987022,37.67634746,0.939457096,2.263273231,0.441837948,0.922541557,1.220093797,0.586075813,1
45975.9627,905.1116686,50.79590099,0.882801501,1.328549349,0.752700681,0.910880971,1.190780779,0.754497929,1
16027.41808,827.3862958,19.37114279,0.652998991,3.373898044,0.29639307,0.988620083,1.843620839,0.370889599,1
14007.07463,485.271165,28.86442806,0.93656912,1.492680236,0.669935848,0.893475221,1.156660309,0.692924031,1
4830.066558,281.9098291,17.13337408,0.941143009,1.437614419,0.695596807,0.88576875,1.144270571,0.676044256,1
118474.4289,1382.839626,85.6747425,0.94199437,1.379338555,0.724985173,0.878166502,1.133325269,0.75501605,1
19557.05029,555.5482912,35.20315083,0.960784916,1.53164555,0.652892571,0.868234576,1.120637646,0.732813979,1
141429.1852,1530.019429,92.43620217,0.939549919,1.719261871,0.581644959,0.887980913,1.147684441,0.701676644,1
257558.8622,2030.970775,126.8156417,0.95801993,1.687089916,0.592736635,0.874860177,1.128913049,0.683510876,1
491533.2716,3023.763249,162.556798,0.893393855,1.362571302,0.733906548,0.92129722,1.21665205,0.687295814,1
11000366.17,20205.35929,544.4281398,0.764984472,5.050421191,0.198003288,0.98466584,1.718533785,0.285720984,1
7112813.829,11275.20496,630.8367658,0.908152033,1.337866953,0.747458481,0.911685877,1.192610949,0.681395629,1
5161079.034,9129.787883,565.3010891,0.918301677,1.215574345,0.822656388,0.878416456,1.133666989,0.74026779,1
398091.6217,2903.952581,137.0861302,0.887515917,2.122095347,0.471232361,0.944453674,1.298353849,0.584564035,1
102403.2499,1396.086503,73.35021842,0.917225433,1.857510726,0.538354899,0.92619314,1.230695256,0.632691242,1
399310.4312,2723.422172,146.6208344,0.937467978,1.873905499,0.53364484,0.920976827,1.2157792,0.536289325,1
97153.37605,1279.84518,75.91025664,0.96005582,1.996262331,0.500936167,0.894435578,1.158306669,0.557322487,1
757055.1958,3604.714423,210.0180782,0.933826317,1.218441271,0.820720722,0.900188391,1.168697621,0.560944984,1
1639903.43,6431.434901,254.9825125,0.767548463,2.029567063,0.492715919,0.963740163,1.416751917,0.540142196,1
5212491.831,9289.076303,561.1421051,0.937255845,1.617651563,0.618180097,0.88801867,1.147743666,0.70474479,1
2437132.081,6722.673866,362.5242172,0.866333495,1.51457282,0.660252176,0.920607559,1.214779845,0.735629833,1
4430703.393,8010.40042,553.1188406,0.972516444,1.338029454,0.747367704,0.814898406,1.073526959,0.783993735,1
48249.17948,897.2721619,53.77318224,0.957324065,1.93311369,0.517300149,0.890876437,1.152323173,0.68414781,1
593027.4642,3023.143817,196.162505,0.973549244,1.642810815,0.608712818,0.856330216,1.10743048,0.713191053,1
187465.4612,1961.141477,95.58997316,0.942532365,2.859116978,0.349758337,0.939665009,1.277742559,0.492622428,1
546302.6374,3159.877045,172.8873085,0.907373902,1.860373548,0.537526456,0.917248572,1.206003598,0.690261309,1
522928.4616,3338.470656,156.6371298,0.882805881,2.085364049,0.479532579,0.945314331,1.302331339,0.537534892,1
156411.2247,1591.200128,98.29764464,0.962672712,1.925474519,0.519352497,0.879364626,1.134974005,0.709295868,1
482962.1099,2957.375632,163.3076653,0.912144809,1.804148294,0.554278162,0.915010363,1.200452632,0.669812159,1
892156.7502,4139.919731,215.5009779,0.860257168,1.487212546,0.672398846,0.928058729,1.236421094,0.690133162,1
144469.8881,1613.633725,89.53078125,0.911151983,1.68469241,0.593580166,0.913823222,1.197598827,0.667507747,1
73131.17396,1171.482825,62.42615974,0.896633559,1.513761023,0.660606255,0.923226398,1.22202396,0.660625909,1
1789670.28,5335.190773,335.4463515,0.923461733,1.15826211,0.863362439,0.871811791,1.125015506,0.780648349,1
266179.0193,3742.860384,71.1164703,0.667490087,5.753812685,0.173797802,0.99263593,2.04650017,0.332283788,1
1130354.037,4301.75505,262.7657838,0.943195696,1.540501865,0.649139104,0.883844706,1.14138852,0.697976499,1
1049177.617,4373.230542,239.9090574,0.955517087,2.141730908,0.466912065,0.916613791,1.20440606,0.611930245,1
750800.845,4283.648683,175.27134,0.952541392,3.484592531,0.2869776,0.960933422,1.39458997,0.500243488,1
1540890.149,5642.510313,273.0859252,0.921166151,2.357814244,0.424121621,0.940768221,1.282276225,0.571609921,1
233158.4749,2002.544533,116.4311061,0.927687669,1.241522758,0.80546248,0.900825737,1.16990783,0.764888645,1
1377590.019,5840.402153,235.8724593,0.857144574,2.698316367,0.370601466,0.962123652,1.403711399,0.522279776,1
601992.2617,3049.744391,197.3910546,0.977774417,1.701911548,0.587574602,0.857674125,1.108825117,0.70223296,1
1386731.01,4779.071713,290.1674412,0.961828138,1.672878623,0.597772,0.886138735,1.144833955,0.665883881,1
17506896.75,19807.86973,883.8354142,0.908190354,2.654516731,0.376716405,0.951794471,1.335451911,0.497810001,1
2645028.073,6458.078287,409.5689081,0.960891158,1.545302128,0.647122645,0.867840864,1.120168177,0.737467466,1
2182066.325,5692.569388,383.3183534,0.97637778,1.507756574,0.663237035,0.833837691,1.087099829,0.698517042,1
177856.8991,2456.460854,72.40371804,0.797258561,3.208030719,0.311717713,0.981390134,1.643121043,0.37693479,1
179146.6722,1713.267652,104.564323,0.945710906,1.098927108,0.909978462,0.884168509,1.141868022,0.761817734,1
712898.1114,3561.580861,200.1633935,0.956632648,2.122540958,0.471133429,0.910506248,1.189937482,0.615878613,1
750767.0234,3921.892703,191.4297714,0.872679773,2.214531815,0.451562715,0.939443062,1.276845004,0.605999302,1
234741.6072,1968.799538,119.2308321,0.952936503,1.101191529,0.90810724,0.887097866,1.146308545,0.736338788,1
93826.72079,1294.260272,72.49447643,0.885682566,1.158766756,0.862986442,0.911390936,1.191937324,0.747769589,1
1489368.52,5231.705168,284.6812794,0.923309194,1.410397222,0.709020115,0.918538657,1.209308886,0.580073775,1
79037.03797,2004.426469,39.43124839,0.534592911,3.882306645,0.257578829,0.992087072,2.011267653,0.335460488,1
35852.41137,851.2775,42.11600961,0.933324086,2.619678197,0.381726275,0.937257745,1.268256326,0.576279549,1
6957.376873,563.8868241,12.33825047,0.574886787,3.766747654,0.265481018,0.990125715,1.907059531,0.361809773,1
53605.97917,960.8809175,55.78836898,0.909281965,1.634956846,0.611636938,0.901256827,1.170733431,0.680136983,1
254013.404,2269.593418,111.9202241,0.867136971,1.437184988,0.695804652,0.937794477,1.27032491,0.644648189,1
39625.15559,822.7468376,48.16202723,0.91853659,1.359213397,0.735719647,0.898710908,1.165938919,0.749794504,1
3370385.638,18205.83122,185.1267101,0.309201708,3.162426392,0.316212894,0.997940025,2.79747222,0.25901692,1
1006519.411,4136.150995,243.346873,0.942068576,1.793975002,0.557421368,0.89709907,1.163001769,0.665014439,1
846497.3324,4088.297226,207.0537648,0.848574014,1.334898441,0.749120659,0.933224433,1.25350114,0.698601404,1
351691.1025,2709.583999,129.7952389,0.895119411,2.086574388,0.479254421,0.942326624,1.28889339,0.605798857,1
1694479.616,12566.06864,134.8456438,0.370623527,5.042386607,0.198318788,0.997703431,2.723179827,0.26510347,1
440107.8502,3172.044259,138.74581,0.839966346,2.206726599,0.453159898,0.954103884,1.348822335,0.445312681,1
549486.9707,6360.243834,86.39401021,0.46191158,4.373784732,0.228634938,0.996297019,2.420416663,0.306333433,1
922956.0392,7267.906624,126.9906297,0.483002922,4.049239791,0.246959936,0.99380466,2.134095741,0.333513545,1
1561300.911,6708.913002,232.720399,0.702776237,2.522297115,0.396463999,0.973326402,1.514620817,0.517561052,1
2963455.46,7111.043021,416.7399144,0.957665221,1.165550592,0.857963615,0.898351201,1.165276993,0.699573571,1
750920.7461,4099.920051,183.1549729,0.796336404,1.687523219,0.592584439,0.95165411,1.334668481,0.611360192,1
1910045.078,6036.789305,316.4008186,0.862405669,1.46559642,0.682316077,0.926688578,1.232194534,0.692837771,1
1923611.406,5727.282198,335.8681029,0.933776948,1.696208743,0.58955008,0.898140043,1.164890165,0.685294088,1
340630.86,3217.235285,105.876888,0.69040243,2.484613903,0.40247702,0.97629063,1.555019701,0.517231806,1
669399.3673,3211.274131,208.4528882,0.966838471,1.644808821,0.607973393,0.856115223,1.107209491,0.673237945,1
898248.5731,4197.588672,213.9915659,0.915463746,2.26090855,0.442300066,0.932031448,1.249386127,0.575516413,1
298731.432,2367.78604,126.1648759,0.927610448,2.098487776,0.476533631,0.923243593,1.222072759,0.590029186,1
3040676.318,7958.606606,382.061392,0.858146295,2.138096134,0.467705817,0.942003286,1.287499326,0.609161242,1
2101312.706,5879.028018,357.4251899,0.921847253,1.733164231,0.576979367,0.885641171,1.144076999,0.699610841,1
77687.52793,1333.649479,58.25183388,0.897970655,2.745977057,0.364169102,0.95426231,1.349774182,0.536464647,1
704194.3813,3502.211095,201.0713695,0.943463106,1.695487049,0.589801025,0.904587632,1.177310751,0.639311009,1
5053328.184,9385.673121,538.4087129,0.972701279,2.003952541,0.499013814,0.904828529,1.177800517,0.614064726,1
1291044.601,4475.556698,288.4657011,0.954060319,1.340172484,0.74617261,0.859863385,1.111146975,0.796600543,1
249037.687,2217.465848,112.3073382,0.889859841,1.583798416,0.631393484,0.933220087,1.253485951,0.634356292,1
857554.344,3718.637114,230.6098492,0.958892326,1.482707587,0.674441818,0.877770622,1.132786441,0.729032458,1
2303661.789,6023.321812,382.4570329,0.945210421,1.236933426,0.808450947,0.86727196,1.119494014,0.735851606,1
757616.4634,4149.244062,182.5914437,0.910022786,3.167251713,0.315731142,0.953416138,1.344743171,0.536501346,1
2573313.986,6926.418476,371.5215872,0.94355575,2.01600566,0.496030353,0.92179843,1.218028372,0.577828939,1
3017230.002,7087.70283,425.6992815,0.928224947,1.307098509,0.765053279,0.890097525,1.151055752,0.579458423,1
498729.0229,2738.21175,182.1367624,0.969217471,1.287843596,0.776491806,0.841890589,1.093779493,0.704547528,1
17852239.02,20081.63625,888.9832879,0.77720437,1.316403667,0.759645408,0.952728763,1.340750037,0.444261544,1
31234784.9,23359.41278,1337.139131,0.932608861,1.713246956,0.583687014,0.905446042,1.17906495,0.621554971,1
2694800.362,7489.684004,359.8016098,0.880454489,2.220387462,0.450371846,0.941898404,1.287049542,0.592043285,1
174410.1187,1772.094984,98.42029925,0.90678066,1.637610514,0.610645811,0.913573287,1.19700572,0.644839367,1
602218.9516,3437.288517,175.2017466,0.910453733,2.431045935,0.41134558,0.932062845,1.249493053,0.645402137,1
700616.7335,3279.492714,213.6357036,0.944184589,1.076593454,0.928855731,0.854186344,1.105252448,0.793151781,1
3288551.266,7177.300801,458.1877446,0.946996318,1.450030978,0.689640439,0.864683037,1.116487609,0.68709896,1
275416.4395,2121.955548,129.7936895,0.934297901,1.609730787,0.621221889,0.883314431,1.140608017,0.7449918,1
734023.0766,4085.664187,179.6582007,0.852127623,1.887334606,0.529847753,0.95350231,1.345249623,0.552120272,1
126744.1057,1656.170919,76.52839702,0.89323665,2.491115466,0.401426595,0.947391078,1.312309694,0.553231146,1
127320.555,1879.163239,67.75385571,0.773664925,2.217976119,0.450861482,0.970886163,1.485628816,0.504204179,1
58056.64881,1264.875265,45.89910991,0.796625152,2.74765653,0.363946508,0.970457181,1.480869492,0.528281847,1
230811.979,2131.333216,108.2946473,0.857973582,1.588480057,0.629532612,0.93263682,1.251460795,0.695554643,1
58561.00679,931.0111525,62.90043533,0.961816686,1.208474191,0.827489745,0.831524728,1.085289707,0.824660023,1
3264865.377,13208.76114,247.1742311,0.516968106,2.767485845,0.361338795,0.992864429,2.062170241,0.364774638,1
357369.4555,2663.643844,134.1656304,0.890389935,2.266657086,0.441178335,0.934196175,1.256934097,0.605463667,1
549560.9652,3220.412754,170.6492326,0.894741684,1.258044155,0.79488466,0.924422648,1.225458665,0.667653077,1
1731877.361,5793.391881,298.9401367,0.867370656,1.434305793,0.697201395,0.929763461,1.241850758,0.72346241,1
467164.3121,3267.837843,142.9582294,0.825965383,1.73921406,0.574972353,0.954086256,1.348716705,0.574381928,1
314289.7549,2512.518045,125.0895513,0.86579782,1.920313636,0.520748268,0.936203595,1.264268,0.615691166,1
2319343.521,6501.619273,356.7332111,0.898267774,1.411919415,0.708255719,0.916570694,1.204298273,0.650198523,1
4593282.611,9517.088317,482.6352828,0.857494208,1.424252086,0.702122896,0.932986738,1.252672617,0.657840556,1
795927.3274,3389.788759,234.8014534,0.97198211,1.25097487,0.799376569,0.812260222,1.071842554,0.855752108,1
937737.9229,4086.136858,229.4925392,0.946791568,1.779569734,0.561933585,0.910680796,1.190329609,0.676637044,1
333551.5094,2311.455484,144.30367,0.954574012,1.089596973,0.917770538,0.874937146,1.129013531,0.780833262,1
720327.3637,3341.250187,215.5861798,0.948780764,1.178320192,0.848665759,0.85930851,1.110552535,0.789200138,1
56505.41131,1146.591328,49.28121288,0.810406039,2.144205852,0.466373133,0.9560253,1.360688456,0.577267674,1
579912.7911,3009.399836,192.7004794,0.938818338,1.162754865,0.860026503,0.863183767,1.114791419,0.824471479,1
42457.96096,813.4716799,52.19353298,0.965377995,1.247194306,0.801799684,0.862179994,1.113673638,0.770074858,1
1089877.105,4178.120289,260.8534531,0.95348369,1.157533888,0.863905593,0.874913449,1.128982584,0.705124094,1
762679.269,4757.084426,160.3249387,0.777756271,2.698308158,0.370602593,0.974997779,1.536614604,0.473190914,1
293272.6616,3053.528461,96.0438605,0.703632056,2.951778113,0.338778852,0.978548764,1.590600996,0.448649171,1
58167.09037,1308.196082,44.46358706,0.778513584,3.201658803,0.312338091,0.97452015,1.530133213,0.461671425,1
253598.391,1980.105614,128.073164,0.947412848,1.256327171,0.795971004,0.858032393,1.109200805,0.758628356,1
29862.25528,792.9669986,37.65888786,0.903211188,2.22199266,0.450046491,0.943592283,1.294460729,0.588856214,1
62026.87324,1258.544825,49.28459599,0.793144278,2.722656799,0.367288305,0.964774401,1.425521631,0.535865365,1
286569.2495,3645.355126,78.61216249,0.635367226,3.1203236,0.320479581,0.990421017,1.920967945,0.355596442,1
310815.6208,3820.989422,81.34427672,0.53164884,2.336209452,0.428043812,0.990675253,1.933390074,0.447892276,1
318607.9191,2345.106458,135.8607487,0.931357227,1.35885578,0.73591327,0.90191482,1.172004684,0.708024873,1
27856.8795,691.3645425,40.29260656,0.919711846,1.254848376,0.796909028,0.900093997,1.168519429,0.680292742,1
53330.28304,910.808237,58.55270173,0.971104404,1.293506245,0.773092518,0.86119446,1.112589798,0.701143516,1
380843.2896,2762.801637,137.8467728,0.899354927,1.992380593,0.501912137,0.935838121,1.262907722,0.662593865,1
143445.7924,1558.245558,92.05596106,0.93336117,1.515684567,0.659767884,0.895757058,1.160612005,0.752223584,1
290506.1808,2313.486397,125.5707322,0.882716544,1.257706306,0.795098184,0.919123289,1.210833226,0.794016178,1
232174.1309,2121.06983,109.4608615,0.855956691,1.485623762,0.673117936,0.929740275,1.241775595,0.719242659,1
531946.3518,2921.630633,182.0717328,0.921023501,1.405515705,0.711482623,0.875704371,1.130020858,0.755241035,1
98317.62714,1363.421692,72.11094535,0.857028532,1.18472778,0.844075759,0.924820317,1.226618677,0.706483597,1
1234295.666,4491.321135,274.8179496,0.940947444,1.239145416,0.807007787,0.883176674,1.140406213,0.742135468,1
410182.7043,2460.754758,166.6897943,0.973813876,1.275366384,0.78408841,0.829660461,1.083863845,0.782057693,1
38514.2343,1473.642734,26.13539457,0.447442831,2.970173703,0.336680646,0.993611702,2.1182472,0.377702435,1
5567.609432,332.0954674,16.76508708,0.901316876,1.859271265,0.537845133,0.933798439,1.25552,0.618123833,1
101755.8588,1311.168316,77.6070147,0.96730069,1.742950067,0.573739902,0.895127639,1.159508141,0.702745368,1
34109.41942,710.832318,47.98518379,0.978555401,1.132108472,0.883307585,0.83210317,1.085738078,0.736301067,1
479299.6286,3024.858135,158.4535893,0.952069925,2.446357717,0.408770963,0.92679785,1.232527259,0.566921417,1
377035.8492,3405.35941,110.7183718,0.678312878,1.821264222,0.549069151,0.976919874,1.564468057,0.534951061,1
377726.4687,2462.641684,153.3826342,0.937633951,1.427672313,0.700440844,0.875942823,1.130336066,0.75262649,1
45474.27015,1191.671469,38.1600729,0.649574943,1.906665093,0.524475957,0.977683758,1.576408402,0.573962125,1
1899869.049,5640.899528,336.8024976,0.936570814,1.570353245,0.636799397,0.892173818,1.1544672,0.691862432,1
416640.245,3047.469319,136.7167973,0.830826104,1.895805671,0.527480224,0.95114349,1.331845357,0.646351965,1
114100.5517,1612.010257,70.78152957,0.797696025,1.337496559,0.747665475,0.953668345,1.346229171,0.630863144,1
539836.1023,8024.612395,67.27254548,0.304564764,5.119757892,0.195321736,0.998604016,3.080974967,0.250752732,1
1079521.33,8003.575385,134.8798853,0.469211571,3.314542772,0.301700738,0.994248071,2.173018851,0.349011783,1
296645.3634,2283.279014,129.9207681,0.938707465,1.686393905,0.59298127,0.90713608,1.182592909,0.623964922,1
1522957.959,5557.324089,274.0451941,0.840810093,1.183063577,0.845263111,0.937796001,1.270330821,0.7371522,1
31780.18284,1182.742962,26.86989809,0.761094167,4.259580458,0.234764905,0.989317528,1.871575039,0.3763472,1
17107.24229,529.1268703,32.33107832,0.98435589,1.904729366,0.525008969,0.883722546,1.141208194,0.659577353,1
178020.4493,2257.7328,78.84921073,0.718237436,2.172497175,0.460299793,0.972915789,1.509498424,0.478101607,1
176036.9876,1718.25535,102.4510051,0.96394052,1.950899411,0.51258409,0.892648923,1.155262852,0.660731696,1
435303.3674,3163.026268,137.6224319,0.851559995,2.460275063,0.406458617,0.954693702,1.352389696,0.568302381,1
1639772.118,5121.858942,320.1517528,0.943662883,1.459548567,0.685143353,0.874401563,1.128316484,0.708668381,1
360882.6451,2669.90969,135.1666112,0.909554724,2.09579075,0.477146872,0.933293685,1.253743345,0.606398345,1
77895.85764,1068.285532,72.91670185,0.976067855,1.224775895,0.816475899,0.824067182,1.079755023,0.786118022,1
1256526.792,4540.120839,276.7606495,0.924862922,1.236391815,0.808805096,0.884628929,1.142553654,0.733709959,1
79081.48569,1303.886972,60.65056818,0.856417163,2.231010273,0.44822743,0.946501886,1.307969461,0.61024245,1
3684511.721,7614.881914,483.8567115,0.94668967,1.150290977,0.869345253,0.866936147,1.119098387,0.801442559,1
654042.9113,3483.379899,187.7610052,0.937093654,1.697344906,0.589155449,0.920706231,1.21504619,0.639671492,1
598202.6051,3111.698312,192.2431242,0.92238628,1.021820882,0.978645101,0.879331634,1.134928239,0.798506328,1
218203.85,2585.830309,84.38444288,0.790701114,3.483886235,0.287035779,0.97672983,1.561578731,0.450952185,1
55931.68416,986.9389007,56.67188122,0.940308387,1.67989253,0.595276175,0.904541225,1.177216626,0.670093877,1
95423.34301,1245.851051,76.59289841,0.923589224,1.195523761,0.836453471,0.881314244,1.13771603,0.768325845,1
599938.0989,4098.190051,146.39099,0.861916899,3.457171962,0.289253763,0.971496658,1.492567364,0.438345178,1
226200.7711,2893.600411,78.17277405,0.723303683,4.113912868,0.243077584,0.984579131,1.716273848,0.414139021,1
1644994.908,5169.939051,318.1845843,0.920828435,1.434054733,0.697323454,0.880879998,1.137098829,0.744218088,1
878984.121,3717.808094,236.4253611,0.953265386,1.141786713,0.875820317,0.86654783,1.118643032,0.745224487,1
86400.54894,4463.36556,19.35771287,0.183145244,6.717643965,0.148861715,0.999628089,4.28350497,0.162219977,1
606316.812,3214.330926,188.6292438,0.908793255,1.230623399,0.812596283,0.897920992,1.164490231,0.752685111,1
121581.1604,2324.631755,52.30125595,0.750492651,5.767175126,0.173395116,0.989532889,1.880685135,0.344039309,1
285805.3541,2313.785305,123.5228496,0.905363847,1.387254829,0.720848095,0.922831573,1.220908019,0.667061642,1
307797.6381,2377.367772,129.4699296,0.903075308,1.685945143,0.593139109,0.918346728,1.208812097,0.666311333,1
25686.9583,874.180878,29.38403133,0.789361762,3.375068654,0.296290269,0.975145353,1.538650669,0.427684077,1
66536.95198,1345.658964,49.44562758,0.836051538,3.253811875,0.307331843,0.96959969,1.471629976,0.517502357,1
292301.4852,3731.622853,78.33092913,0.48330199,2.419110857,0.413375021,0.990944945,1.947050882,0.384836884,1
164699.8864,1587.930455,103.7198361,0.949815667,1.144279036,0.873912716,0.852698066,1.10377333,0.816250971,1
82533.62037,1126.728246,73.25068906,0.949268411,1.144789692,0.873522889,0.855289355,1.106365951,0.818515763,1
92031.56201,1267.222473,72.62462903,0.910390852,1.221240565,0.818839489,0.905104595,1.178364194,0.722695911,1
639903.8405,3711.85921,172.3944267,0.882337526,2.093822935,0.477595304,0.94670846,1.308968528,0.550210122,1
306207.1934,2262.002363,135.3699706,0.933183318,1.546483001,0.646628511,0.891371093,1.153135727,0.699561287,1
141445.0722,1721.029904,82.18629546,0.938820674,2.513775976,0.397807923,0.942785426,1.290891002,0.548375325,1
142533.7175,1718.442197,82.94356236,0.899224308,1.830438002,0.546317329,0.941184339,1.284018231,0.584357532,1
233338.2566,2051.567377,113.7365797,0.92765733,1.785028609,0.560215111,0.91402755,1.198085682,0.647446021,1
444085.0901,2956.886618,150.1867158,0.851470897,1.199175435,0.833906342,0.932703095,1.2516896,0.673655743,1
44114.72929,1562.997658,28.22443723,0.551259686,5.077499126,0.19694735,0.993370058,2.099237549,0.359213891,1
834593.95,3476.0789,240.096377,0.966470547,1.208719694,0.827321674,0.81464649,1.073364129,0.836044885,1
77263.66177,2384.240793,32.40598098,0.463163748,4.917359755,0.203361163,0.996292418,2.419677793,0.290251339,1
338128.1732,3221.121341,104.9721936,0.628416863,1.526325176,0.655168385,0.976800476,1.562649129,0.5613438,1
299902.8541,2158.156202,138.9625338,0.956257533,1.415679233,0.706374704,0.860376278,1.111700096,0.768143039,1
1015215.989,4184.917807,242.5892301,0.935950623,1.54958261,0.645335068,0.901738736,1.171663164,0.481015555,1
158296.7277,1747.503835,90.58448087,0.900510275,2.099553117,0.476291832,0.928881341,1.239016919,0.592444352,1
162636.595,2270.808517,71.62056766,0.690201366,2.811391381,0.355695762,0.978418999,1.58842402,0.481848629,1
453442.2682,3135.113775,144.633433,0.931195878,2.879126393,0.347327579,0.947605265,1.313370852,0.525453928,1
25114.14359,651.4894603,38.54881025,0.937588141,1.469903135,0.680316938,0.895233837,1.159693641,0.672643129,1
239292.8267,8219.951468,29.11122135,0.160984792,6.143945799,0.162761853,0.999752146,4.74023073,0.104241094,1
237861.5502,1929.333399,123.2869085,0.953848656,1.257566095,0.795186832,0.864200716,1.115938415,0.755799652,1
95152.33128,1260.19768,75.50587721,0.960040034,1.809770318,0.552556305,0.890957019,1.152455134,0.642880999,1
141393.3638,1467.264209,96.36530554,0.96565894,1.384609782,0.722225144,0.849571447,1.100750467,0.726794705,1
925960.9474,4546.083851,203.6832091,0.879513755,2.362502381,0.423279997,0.951300974,1.33271159,0.530278671,1
105917.3944,1418.70248,74.65793274,0.912772416,1.996804298,0.500800204,0.925864865,1.229710133,0.550888596,1
511963.2583,2912.706753,175.7688987,0.950108897,1.275855526,0.783787803,0.888400933,1.148345132,0.732945439,1
1772315.877,5202.6727,340.6548863,0.954051975,1.190850218,0.839736169,0.851322954,1.102429965,0.799781011,1
257060.5262,2943.097207,87.34353919,0.773973378,3.709406071,0.269584937,0.981110784,1.637502525,0.40770857,1
130725.0796,3825.527961,34.1717747,0.464008755,10.09255344,0.099082953,0.998413735,2.984743335,0.225658181,1
552164.7161,2995.035684,184.3599791,0.958371007,1.574351504,0.635182167,0.880814433,1.137005966,0.711040735,1
24163.36635,660.8129147,36.56612305,0.923436075,1.78190704,0.561196503,0.914496141,1.199208977,0.646583986,1
19323.54509,603.4918023,32.01956517,0.871273281,1.788938401,0.55899074,0.924154335,1.224681171,0.671475757,1
12350.3989,476.9947243,25.89210796,0.89730457,1.677380048,0.596167816,0.919106081,1.21078812,0.640148086,1
112066.6599,1755.530337,63.83635621,0.776694528,2.450773107,0.408034508,0.970316634,1.479330436,0.471898439,1
45244.56612,802.2493693,56.39713518,0.9732563,1.27875286,0.782011936,0.798859574,1.063950048,0.820406105,1
100493.5989,1427.644725,70.39118149,0.868118287,2.039889446,0.490222645,0.937818002,1.270416171,0.604336842,1
18825.06426,625.2055424,30.11020054,0.897947378,2.085115064,0.47958984,0.941519324,1.285433617,0.599602082,1
114161.5578,1520.615469,75.07588875,0.83087064,1.38231658,0.723423284,0.937597776,1.269563796,0.693125431,1
233940.2618,1958.223768,119.465541,0.940787881,1.267093702,0.789207616,0.884325985,1.14210202,0.688026353,1
1139169.034,4645.876227,245.2000393,0.901789181,1.987118003,0.503241377,0.925261299,1.227915886,0.609129455,1
36065.69687,868.5672184,41.52320754,0.87673424,2.341402874,0.427094376,0.942623436,1.290183068,0.574377957,1
1616432.907,5035.267891,321.0222259,0.939235939,1.333836536,0.749717055,0.865321911,1.117220273,0.745456,1
870253.4299,4089.440214,212.8050257,0.905919842,2.343817844,0.426654316,0.928122076,1.236619412,0.546437977,1
18686.70827,528.2989939,35.37146292,0.967780872,1.531676641,0.652879317,0.837673023,1.090205701,0.783450443,1
25394.21774,623.9291566,40.70048253,0.95568025,1.441996915,0.69348276,0.853425426,1.104492902,0.739783029,1
45690.69201,1705.51061,26.7900368,0.638061389,7.360015902,0.135869272,0.995019907,2.250793362,0.296492402,1
218613.9822,3249.977473,67.26630691,0.651819304,5.508320181,0.18154355,0.991206643,1.960814235,0.333782932,1
6405670.779,19673.10947,325.6054052,0.446458706,2.442174319,0.40947118,0.994457299,2.192733084,0.370604155,1
318189.8076,3323.032671,95.75283759,0.664698592,2.784897517,0.359079641,0.98228214,1.661829818,0.459822174,1
3770.128124,239.7896751,15.72264578,0.962585812,1.080236315,0.925723368,0.850524263,1.101659776,0.77235038,1
10124.67688,411.4644887,24.60644152,0.963586089,1.762057792,0.567518276,0.891622559,1.15355111,0.661590981,1
982737.2897,4309.722382,228.0279801,0.873014167,1.452455149,0.688489418,0.924739319,1.226381655,0.709006023,1
250907.8117,2035.964994,123.2377828,0.914855369,1.183830662,0.844715408,0.887279656,1.146590353,0.782400747,1
205848.9716,2419.791749,85.06887903,0.880308008,3.586915189,0.278791091,0.972508765,1.504522575,0.480117203,1
50908.75352,1056.981643,48.16427407,0.907749109,2.696004831,0.370919217,0.94920506,1.321497302,0.568617257,1
123974.4395,1645.392866,75.34640635,0.825801999,1.844910339,0.542031761,0.948574736,1.318252493,0.641869946,1
839249.0755,4392.462322,191.0657426,0.8828059,2.882250078,0.346951157,0.954722173,1.352563542,0.512475638,1
1240366.291,4661.346486,266.0961364,0.90488863,1.538610131,0.649937226,0.906224712,1.180678015,0.691835616,1
2559638.765,6641.460713,385.4029822,0.952504379,1.826220379,0.547579039,0.901412796,1.171033547,0.63509735,1
1417300.972,5414.555168,261.7576011,0.897158731,2.369092131,0.422102622,0.940941736,1.28300045,0.550916674,1
885308.8738,4225.228676,209.5292212,0.892834998,1.907525665,0.524239342,0.936867982,1.266770315,0.620144399,1
1900870.461,6693.6963,283.9791912,0.913105885,2.945231841,0.339531845,0.957390824,1.369571819,0.519547794,1
3878586.796,8202.993248,472.825794,0.922096983,1.972343529,0.507011069,0.903428191,1.174980515,0.653474343,1
285658.4524,2560.195608,111.5768075,0.854522639,2.489000708,0.401767664,0.95451103,1.351277908,0.551619832,1
5988.769062,309.8617802,19.32722732,0.943790132,1.326188007,0.754040901,0.875324624,1.129520966,0.736201188,1
18243.42773,771.8105337,23.63718418,0.809702205,3.103927199,0.322172505,0.979768559,1.611953647,0.447669985,1
689153.8611,4411.457158,156.2190987,0.805242447,2.42401596,0.412538538,0.972052417,1.499060073,0.508303106,1
47048.20515,1194.652313,39.38234131,0.687918816,1.89123137,0.528756035,0.976200421,1.553692489,0.525327827,1
1784166.537,5890.822739,302.872216,0.86004018,1.801366513,0.555134112,0.930450352,1.244094379,0.627718233,1
39374.33121,861.1925051,45.72070818,0.891548994,1.438655093,0.695093636,0.924023113,1.224302438,0.595240782,1
36759.75669,845.203749,43.49218367,0.887932312,1.356916256,0.736965156,0.93029065,1.243569806,0.686725323,1
148190.9429,2613.604234,56.69984041,0.559995411,3.143432587,0.318123571,0.990300873,1.915243787,0.399045384,1
99526.19215,2077.256534,47.91232595,0.68328797,4.367837304,0.228946257,0.988972145,1.857447329,0.257784397,1
93469.96504,1366.853658,68.38330095,0.828726641,1.45522532,0.687178807,0.935372622,1.261191535,0.712079633,1
920041.048,6108.501188,150.6164965,0.620680986,2.284047445,0.437819277,0.987305622,1.796495479,0.489301683,1
913175.1086,4418.421046,206.6745335,0.817004394,1.496911501,0.668042165,0.945738099,1.304322945,0.680364623,1
561460.2014,3195.930867,175.679708,0.916480039,1.636453873,0.611077414,0.916124163,1.203186515,0.677041638,1
17524.83287,573.392757,30.56340119,0.852898682,1.13310571,0.882530192,0.923167468,1.221856851,0.656125067,1
87349.70907,1203.611712,72.57299693,0.947239796,1.346755874,0.74252507,0.888699153,1.148816704,0.692254906,1
1341440.462,5466.147186,245.4087708,0.920798322,1.977211687,0.50576274,0.951052239,1.331345236,0.498068449,1
326747.9372,2306.143725,141.6858514,0.978865743,1.818669749,0.54985244,0.881573157,1.138085817,0.663005102,1
901241.0955,3841.686094,234.5951942,0.959153117,1.398056561,0.715278643,0.883956604,1.141553974,0.718826668,1
